{"cameraMode":{"drawMode":0,"name":"Shaded","section":"Shading Mode"},"sceneLighting":false,"audioPlay":false,"sceneViewState":{"m_AlwaysRefresh":false,"showFog":true,"showSkybox":false,"showFlares":true,"showImageEffects":true,"showParticleSystems":true,"showVisualEffectGraphs":true,"m_FxEnabled":true},"in2DMode":false,"pivot":{"x":0.12881553173065186,"y":0.6378934383392334,"z":-0.14232245087623597},"rotation":{"x":-0.013869229704141617,"y":-0.9853963851928711,"z":0.13866761326789857,"w":-0.09819845110177994},"size":4.13181734085083,"orthographic":false}